{
    "info": {
        "domains_returned": 2, 
        "keywords_returned": 1
    }, 
    "overview": {
        "info": {
            "documents_returned": 7
        }, 
        "pos_sentences": [
            [
                1162598400000.0, 
                0
            ], 
            [
                1033426800000.0, 
                0
            ], 
            [
                1124233200000.0, 
                0
            ], 
            [
                1223679600000.0, 
                0
            ], 
            [
                1223938800000.0, 
                0
            ], 
            [
                1215298800000.0, 
                0
            ], 
            [
                1207004400000.0, 
                0
            ]
        ], 
        "document_volume": [
            [
                1162598400000.0, 
                1
            ], 
            [
                1033426800000.0, 
                1
            ], 
            [
                1124233200000.0, 
                1
            ], 
            [
                1223679600000.0, 
                1
            ], 
            [
                1207004400000.0, 
                1
            ], 
            [
                1223938800000.0, 
                1
            ], 
            [
                1215298800000.0, 
                1
            ]
        ], 
        "neg_sentences": [
            [
                1162598400000.0, 
                0
            ], 
            [
                1033426800000.0, 
                0
            ], 
            [
                1124233200000.0, 
                0
            ], 
            [
                1223679600000.0, 
                0
            ], 
            [
                1223938800000.0, 
                0
            ], 
            [
                1215298800000.0, 
                1.0
            ], 
            [
                1207004400000.0, 
                0.5
            ]
        ], 
        "neg_phrases": [
            [
                1162598400000.0, 
                0.018518518518518517
            ], 
            [
                1033426800000.0, 
                0.03571428571428571
            ], 
            [
                1124233200000.0, 
                0.017543859649122806
            ], 
            [
                1223679600000.0, 
                0.0078125
            ], 
            [
                1223938800000.0, 
                0.0625
            ], 
            [
                1215298800000.0, 
                0.01694915254237288
            ], 
            [
                1207004400000.0, 
                0.0196078431372549
            ]
        ], 
        "document_sentiment_pos": [
            [
                1162598400000.0, 
                1
            ], 
            [
                1033426800000.0, 
                1
            ], 
            [
                1223679600000.0, 
                1
            ], 
            [
                1207004400000.0, 
                1
            ], 
            [
                1223938800000.0, 
                1
            ], 
            [
                1215298800000.0, 
                1
            ]
        ], 
        "pos_phrases": [
            [
                1162598400000.0, 
                0.3333333333333333
            ], 
            [
                1033426800000.0, 
                0
            ], 
            [
                1124233200000.0, 
                0.16666666666666666
            ], 
            [
                1223679600000.0, 
                0.05263157894736842
            ], 
            [
                1223938800000.0, 
                1.0
            ], 
            [
                1215298800000.0, 
                0.14285714285714285
            ], 
            [
                1207004400000.0, 
                0.1111111111111111
            ]
        ], 
        "document_sentiment_neg": [
            [
                1124233200000.0, 
                1
            ]
        ]
    }, 
    "www.foxnews.com": {
        "info": {
            "documents_returned": 7
        }, 
        "pos_sentences": [
            [
                1162598400000.0, 
                0
            ], 
            [
                1033426800000.0, 
                0
            ], 
            [
                1124233200000.0, 
                0
            ], 
            [
                1223679600000.0, 
                0
            ], 
            [
                1223938800000.0, 
                0
            ], 
            [
                1215298800000.0, 
                0
            ], 
            [
                1207004400000.0, 
                0
            ]
        ], 
        "document_volume": [
            [
                1162598400000.0, 
                1
            ], 
            [
                1033426800000.0, 
                1
            ], 
            [
                1124233200000.0, 
                1
            ], 
            [
                1223679600000.0, 
                1
            ], 
            [
                1207004400000.0, 
                1
            ], 
            [
                1223938800000.0, 
                1
            ], 
            [
                1215298800000.0, 
                1
            ]
        ], 
        "neg_sentences": [
            [
                1162598400000.0, 
                0
            ], 
            [
                1033426800000.0, 
                0
            ], 
            [
                1124233200000.0, 
                0
            ], 
            [
                1223679600000.0, 
                0
            ], 
            [
                1223938800000.0, 
                0
            ], 
            [
                1215298800000.0, 
                1.0
            ], 
            [
                1207004400000.0, 
                0.5
            ]
        ], 
        "neg_phrases": [
            [
                1162598400000.0, 
                0.018518518518518517
            ], 
            [
                1033426800000.0, 
                0.03571428571428571
            ], 
            [
                1124233200000.0, 
                0.017543859649122806
            ], 
            [
                1223679600000.0, 
                0.0078125
            ], 
            [
                1223938800000.0, 
                0.0625
            ], 
            [
                1215298800000.0, 
                0.01694915254237288
            ], 
            [
                1207004400000.0, 
                0.0196078431372549
            ]
        ], 
        "document_sentiment_pos": [
            [
                1162598400000.0, 
                1
            ], 
            [
                1033426800000.0, 
                1
            ], 
            [
                1223679600000.0, 
                1
            ], 
            [
                1207004400000.0, 
                1
            ], 
            [
                1223938800000.0, 
                1
            ], 
            [
                1215298800000.0, 
                1
            ]
        ], 
        "pos_phrases": [
            [
                1162598400000.0, 
                0.3333333333333333
            ], 
            [
                1033426800000.0, 
                0
            ], 
            [
                1124233200000.0, 
                0.16666666666666666
            ], 
            [
                1223679600000.0, 
                0.05263157894736842
            ], 
            [
                1223938800000.0, 
                1.0
            ], 
            [
                1215298800000.0, 
                0.14285714285714285
            ], 
            [
                1207004400000.0, 
                0.1111111111111111
            ]
        ],